{"products":[{"id":"0.558673316244021","qty":12}],"totalPrice":251.88000000000002}